{
  "isot": {
    "fake": {
      "count": 23481,
      "char_count": {
        "mean": 93.77437076785486,
        "median": 89.0,
        "std": 27.37868130119689,
        "min": 3,
        "max": 279
      },
      "word_count": {
        "mean": 14.732805246795282,
        "median": 14.0,
        "std": 4.335099114452771,
        "min": 1,
        "max": 42
      }
    },
    "real": {
      "count": 21417,
      "char_count": {
        "mean": 64.66307139188496,
        "median": 64.0,
        "std": 9.168474399940724,
        "min": 26,
        "max": 133
      },
      "word_count": {
        "mean": 9.954475416725032,
        "median": 10.0,
        "std": 1.7007465775244959,
        "min": 4,
        "max": 20
      }
    }
  },
  "liar": {
    "fake": {
      "count": 5657,
      "char_count": {
        "mean": 104.04242531377055,
        "median": 95.0,
        "std": 52.25387145826679,
        "min": 11,
        "max": 2097
      },
      "word_count": {
        "mean": 17.41647516351423,
        "median": 16.0,
        "std": 8.60755219730571,
        "min": 2,
        "max": 309
      }
    },
    "real": {
      "count": 7134,
      "char_count": {
        "mean": 109.63064199607513,
        "median": 101.0,
        "std": 70.9174834810972,
        "min": 11,
        "max": 3189
      },
      "word_count": {
        "mean": 18.53546397532941,
        "median": 17.0,
        "std": 11.165430314011537,
        "min": 2,
        "max": 467
      }
    }
  },
  "isot_label_dist": {
    "fake": 23481,
    "real": 21417
  },
  "liar_label_dist": {
    "real": 7134,
    "fake": 5657
  }
}